{
    "metadata":{
        "type":"Geometry",
        "generator":"io_three",
        "version":3,
        "vertices":24,
        "normals":26,
        "materials":1,
        "uvs":1,
        "faces":26
    },
    "vertices":[0.330447,0.268518,0.184117,0.324673,0.273232,0.18745,0.324673,0.268518,0.194117,0.330447,0.263803,0.190783,0.166667,0.00106603,0.278675,0.17244,0.00578007,0.282008,0.166667,0.0104941,0.285342,0.160893,0.00578007,0.282008,0.330447,0.0104941,0.0016667,0.330447,0.00578007,0.00833337,0.324673,0.00106603,0.00500003,0.324673,0.00578007,-0.00166664,0.00866031,0.273232,0.18745,0.00288681,0.268518,0.184117,0.00288681,0.263803,0.190783,0.00866031,0.268518,0.194117,0.166667,0.273232,-0.0862251,0.17244,0.268518,-0.0895584,0.166667,0.263803,-0.0928917,0.160893,0.268518,-0.0895584,0.00866026,0.00578007,-0.0016667,0.00866025,0.00106603,0.00499997,0.00288675,0.00578007,0.00833331,0.00288675,0.0104941,0.00166664],
    "faces":[42,22,7,14,0,0,1,2,0,0,0,42,11,20,18,0,3,4,5,1,1,1,42,5,9,3,0,6,7,8,2,2,2,42,4,21,10,0,9,10,11,3,3,3,42,8,17,0,0,12,13,14,4,4,4,42,23,13,19,0,15,16,17,5,5,5,42,6,2,15,0,18,19,20,6,6,6,43,0,1,2,3,0,14,21,22,23,7,7,7,7,43,4,5,6,7,0,9,24,25,26,8,8,8,8,43,8,9,10,11,0,12,27,28,29,9,9,9,9,43,12,13,14,15,0,30,31,32,33,10,10,10,10,43,16,17,18,19,0,34,35,36,37,11,11,11,11,43,20,21,22,23,0,4,38,39,40,12,12,12,12,43,0,17,16,1,0,42,35,34,41,13,13,13,13,43,1,12,15,2,0,41,30,33,43,14,14,14,14,43,17,8,11,18,0,13,12,29,44,15,15,15,15,43,10,21,20,11,0,11,10,45,46,16,16,16,16,43,21,4,7,22,0,10,9,26,47,17,17,17,17,43,6,15,14,7,0,18,20,48,49,18,18,18,18,43,2,6,5,3,0,19,18,50,51,19,19,19,19,43,8,0,3,9,0,52,53,8,7,20,20,20,20,43,9,5,4,10,0,7,6,54,55,21,21,21,21,43,13,23,22,14,0,16,15,56,57,22,22,22,22,43,18,20,23,19,0,5,4,40,58,23,23,23,23,43,12,16,19,13,0,30,34,37,31,24,24,24,24,42,16,12,1,0,34,30,41,25,25,25],
    "uvs":[[0.32756,0.675327,0.32756,0.99134,0.011547,0.833333,0.32756,0.00866026,0.32756,0.324673,0.011547,0.166667,0.32756,0.341994,0.32756,0.658006,0.011547,0.5,0.994226,0.324673,0.678214,0.166667,0.994226,0.00866025,0.994226,0.341994,0.994227,0.658006,0.678214,0.5,0.34488,0.833333,0.660893,0.675327,0.660893,0.99134,0.34488,0.166667,0.660893,0.00866026,0.660893,0.324673,0.675327,0.50433,0.669553,0.498557,0.675327,0.49567,1,0.324673,0.997113,0.33189,0.99134,0.329003,0.99134,0.337663,1,0.33622,1,0.341994,0.34488,0.5,0.341994,0.50433,0.33622,0.498557,0.341994,0.49567,0.660893,0.658006,0.666667,0.658006,0.666667,0.66378,0.658006,0.662337,0.333333,0.324673,0.333333,0.330447,0.324673,0.329003,0.660893,0.341994,0.666667,0.341994,0.658006,0.337664,1,0.658006,0.675327,0.162337,0.99134,0.00433013,0.675327,0.170997,0.658006,0.329003,0.341994,0.170997,0.341994,0.162337,0.658007,0.00433012,0.324673,0.662336,0.00866023,0.50433,0.333333,0.341994,0.333333,0.658006,0.341994,0.829003,0.658006,0.670997,0.00866026,0.170997]],
    "normals":[-0.816497,-0.333333,0.471404,1.78522e-07,-0.333333,-0.942809,0.816496,-0.333333,0.471405,-0,-1,0,0.816497,0.333333,-0.471405,-0.816497,0.333333,-0.471404,-8.89138e-08,0.333333,0.942809,0.707106,0.577351,0.408249,0,-0.577349,0.816498,0.707107,-0.57735,-0.408249,-0.707107,0.57735,0.408249,0,0.577351,-0.816496,-0.707108,-0.577349,-0.408249,0.499998,0.816498,-0.288674,-5.42829e-08,0.816498,0.577348,0.499999,-3.60945e-07,-0.866026,1.05746e-07,-0.816497,-0.57735,-0.5,-0.816497,0.288675,-0.5,1.80472e-07,0.866025,0.499999,3.60944e-07,0.866026,1,-0,0,0.499999,-0.816497,0.288675,-1,-1.27758e-09,2.95955e-07,-0.5,-1.80472e-07,-0.866026,-0.499999,0.816498,-0.288674,0,1,0],
    "materials":[{
        "colorEmissive":[0,0,0],
        "shading":"phong",
        "opacity":1,
        "transparent":false,
        "visible":true,
        "wireframe":false,
        "blending":1,
        "depthTest":true,
        "depthWrite":true,
        "doubleSided":false,
        "DbgName":"Material.014",
        "DbgColor":15658734,
        "DbgIndex":0,
        "colorDiffuse":[0.64,0.64,0.64],
        "specularCoef":50,
        "colorSpecular":[0.5,0.5,0.5],
        "mapDiffuse":"tex-core-v.png",
        "mapDiffuseAnisotropy":1,
        "mapDiffuseWrap":["repeat","repeat"],
        "mapDiffuseRepeat":[1,1]
    }]
}